Blog title 1,Blog title 2
ISO/IEC 42001:2023 ushers in a new era of trusted agentic automation ,ISO/IEC 42001:2023 ushers in a new era of trusted agentic automation 
Technical Tuesday: 10 best practices for building reliable AI agents in 2025,Technical Tuesday: 10 best practices for building reliable AI agents in 2025
Agentic AI meets ROI: why FUSION 2025 marks a defining moment,Agentic AI meets ROI: why FUSION 2025 marks a defining moment
Accelerating ROI from agentic AI: biggest product announcements from UiPath FUSION 2025,Accelerating ROI from agentic AI: biggest product announcements from UiPath FUSION 2025
Get articles from automation experts in your inbox,Get articles from automation experts in your inbox
ISO/IEC 42001:2023 ushers in a new era of trusted agentic automation ,ISO/IEC 42001:2023 ushers in a new era of trusted agentic automation 
Technical Tuesday: 10 best practices for building reliable AI agents in 2025,Technical Tuesday: 10 best practices for building reliable AI agents in 2025
Agentic AI meets ROI: why FUSION 2025 marks a defining moment,Agentic AI meets ROI: why FUSION 2025 marks a defining moment
Accelerating ROI from agentic AI: biggest product announcements from UiPath FUSION 2025,Accelerating ROI from agentic AI: biggest product announcements from UiPath FUSION 2025
Get articles from automation experts in your inbox,Get articles from automation experts in your inbox
ISO/IEC 42001:2023 ushers in a new era of trusted agentic automation ,ISO/IEC 42001:2023 ushers in a new era of trusted agentic automation 
Technical Tuesday: 10 best practices for building reliable AI agents in 2025,Technical Tuesday: 10 best practices for building reliable AI agents in 2025
Agentic AI meets ROI: why FUSION 2025 marks a defining moment,Agentic AI meets ROI: why FUSION 2025 marks a defining moment
Accelerating ROI from agentic AI: biggest product announcements from UiPath FUSION 2025,Accelerating ROI from agentic AI: biggest product announcements from UiPath FUSION 2025
Get articles from automation experts in your inbox,Get articles from automation experts in your inbox
